-- Adminer 4.8.1 MySQL 5.5.5-10.8.3-MariaDB-1:10.8.3+maria~jammy dump

SET NAMES utf8;
SET time_zone = '+00:00';
SET foreign_key_checks = 0;
SET sql_mode = 'NO_AUTO_VALUE_ON_ZERO';

SET NAMES utf8mb4;

DROP TABLE IF EXISTS `cache`;
CREATE TABLE `cache` (
  `key` varchar(255) COLLATE utf8mb4_unicode_ci NOT NULL,
  `value` mediumtext COLLATE utf8mb4_unicode_ci NOT NULL,
  `expiration` int(11) NOT NULL,
  PRIMARY KEY (`key`)
) ENGINE=InnoDB DEFAULT CHARSET=utf8mb4 COLLATE=utf8mb4_unicode_ci;


DROP TABLE IF EXISTS `cache_locks`;
CREATE TABLE `cache_locks` (
  `key` varchar(255) COLLATE utf8mb4_unicode_ci NOT NULL,
  `owner` varchar(255) COLLATE utf8mb4_unicode_ci NOT NULL,
  `expiration` int(11) NOT NULL,
  PRIMARY KEY (`key`)
) ENGINE=InnoDB DEFAULT CHARSET=utf8mb4 COLLATE=utf8mb4_unicode_ci;


DROP TABLE IF EXISTS `failed_jobs`;
CREATE TABLE `failed_jobs` (
  `id` bigint(20) unsigned NOT NULL AUTO_INCREMENT,
  `uuid` varchar(255) COLLATE utf8mb4_unicode_ci NOT NULL,
  `connection` text COLLATE utf8mb4_unicode_ci NOT NULL,
  `queue` text COLLATE utf8mb4_unicode_ci NOT NULL,
  `payload` longtext COLLATE utf8mb4_unicode_ci NOT NULL,
  `exception` longtext COLLATE utf8mb4_unicode_ci NOT NULL,
  `failed_at` timestamp NOT NULL DEFAULT current_timestamp(),
  PRIMARY KEY (`id`),
  UNIQUE KEY `failed_jobs_uuid_unique` (`uuid`)
) ENGINE=InnoDB DEFAULT CHARSET=utf8mb4 COLLATE=utf8mb4_unicode_ci;


DROP TABLE IF EXISTS `jobs`;
CREATE TABLE `jobs` (
  `id` bigint(20) unsigned NOT NULL AUTO_INCREMENT,
  `queue` varchar(255) COLLATE utf8mb4_unicode_ci NOT NULL,
  `payload` longtext COLLATE utf8mb4_unicode_ci NOT NULL,
  `attempts` tinyint(3) unsigned NOT NULL,
  `reserved_at` int(10) unsigned DEFAULT NULL,
  `available_at` int(10) unsigned NOT NULL,
  `created_at` int(10) unsigned NOT NULL,
  PRIMARY KEY (`id`),
  KEY `jobs_queue_index` (`queue`)
) ENGINE=InnoDB DEFAULT CHARSET=utf8mb4 COLLATE=utf8mb4_unicode_ci;


DROP TABLE IF EXISTS `job_batches`;
CREATE TABLE `job_batches` (
  `id` varchar(255) COLLATE utf8mb4_unicode_ci NOT NULL,
  `firstName` varchar(255) COLLATE utf8mb4_unicode_ci NOT NULL,
  `lastName` varchar(255) COLLATE utf8mb4_unicode_ci NOT NULL,
  `total_jobs` int(11) NOT NULL,
  `pending_jobs` int(11) NOT NULL,
  `failed_jobs` int(11) NOT NULL,
  `failed_job_ids` longtext COLLATE utf8mb4_unicode_ci NOT NULL,
  `options` mediumtext COLLATE utf8mb4_unicode_ci DEFAULT NULL,
  `cancelled_at` int(11) DEFAULT NULL,
  `created_at` int(11) NOT NULL,
  `finished_at` int(11) DEFAULT NULL,
  PRIMARY KEY (`id`)
) ENGINE=InnoDB DEFAULT CHARSET=utf8mb4 COLLATE=utf8mb4_unicode_ci;


DROP TABLE IF EXISTS `migrations`;
CREATE TABLE `migrations` (
  `id` int(10) unsigned NOT NULL AUTO_INCREMENT,
  `migration` varchar(255) COLLATE utf8mb4_unicode_ci NOT NULL,
  `batch` int(11) NOT NULL,
  PRIMARY KEY (`id`)
) ENGINE=InnoDB DEFAULT CHARSET=utf8mb4 COLLATE=utf8mb4_unicode_ci;

INSERT INTO `migrations` (`id`, `migration`, `batch`) VALUES
(61,	'0001_01_01_000000_create_users_table',	1),
(62,	'0001_01_01_000001_create_cache_table',	1),
(63,	'0001_01_01_000002_create_jobs_table',	1),
(64,	'2024_03_30_201030_create_personal_access_tokens_table',	1),
(65,	'2024_03_31_101010_create_photos_table',	1);

DROP TABLE IF EXISTS `password_reset_tokens`;
CREATE TABLE `password_reset_tokens` (
  `email` varchar(255) COLLATE utf8mb4_unicode_ci NOT NULL,
  `token` varchar(255) COLLATE utf8mb4_unicode_ci NOT NULL,
  `created_at` timestamp NULL DEFAULT NULL,
  PRIMARY KEY (`email`)
) ENGINE=InnoDB DEFAULT CHARSET=utf8mb4 COLLATE=utf8mb4_unicode_ci;


DROP TABLE IF EXISTS `personal_access_tokens`;
CREATE TABLE `personal_access_tokens` (
  `id` bigint(20) unsigned NOT NULL AUTO_INCREMENT,
  `tokenable_type` varchar(255) COLLATE utf8mb4_unicode_ci NOT NULL,
  `tokenable_id` bigint(20) unsigned NOT NULL,
  `firstName` varchar(255) COLLATE utf8mb4_unicode_ci NOT NULL DEFAULT '',
  `lastName` varchar(255) COLLATE utf8mb4_unicode_ci NOT NULL,
  `token` varchar(64) COLLATE utf8mb4_unicode_ci NOT NULL,
  `abilities` text COLLATE utf8mb4_unicode_ci DEFAULT NULL,
  `last_used_at` timestamp NULL DEFAULT NULL,
  `expires_at` timestamp NULL DEFAULT NULL,
  `created_at` timestamp NULL DEFAULT NULL,
  `updated_at` timestamp NULL DEFAULT NULL,
  PRIMARY KEY (`id`),
  UNIQUE KEY `personal_access_tokens_token_unique` (`token`),
  KEY `personal_access_tokens_tokenable_type_tokenable_id_index` (`tokenable_type`,`tokenable_id`)
) ENGINE=InnoDB DEFAULT CHARSET=utf8mb4 COLLATE=utf8mb4_unicode_ci;


DROP TABLE IF EXISTS `photos`;
CREATE TABLE `photos` (
  `id` bigint(20) unsigned NOT NULL AUTO_INCREMENT,
  `fileName` varchar(255) COLLATE utf8mb4_unicode_ci NOT NULL,
  `mimeType` varchar(255) COLLATE utf8mb4_unicode_ci NOT NULL,
  `extension` varchar(255) COLLATE utf8mb4_unicode_ci NOT NULL,
  `fileSize` bigint(20) NOT NULL,
  `slug` varchar(255) COLLATE utf8mb4_unicode_ci NOT NULL,
  `status` enum('active','deleted') COLLATE utf8mb4_unicode_ci NOT NULL DEFAULT 'active',
  `user_id` bigint(20) unsigned NOT NULL,
  `created_at` timestamp NULL DEFAULT NULL,
  `updated_at` timestamp NULL DEFAULT NULL,
  `name` varchar(255) COLLATE utf8mb4_unicode_ci DEFAULT NULL,
  `description` text COLLATE utf8mb4_unicode_ci DEFAULT NULL,
  `category` varchar(255) COLLATE utf8mb4_unicode_ci DEFAULT NULL,
  `keyword` text COLLATE utf8mb4_unicode_ci DEFAULT NULL,
  `deleted_at` timestamp NULL DEFAULT NULL,
  PRIMARY KEY (`id`),
  UNIQUE KEY `photos_slug_unique` (`slug`),
  KEY `photos_user_id_foreign` (`user_id`),
  CONSTRAINT `photos_user_id_foreign` FOREIGN KEY (`user_id`) REFERENCES `users` (`id`) ON DELETE NO ACTION
) ENGINE=InnoDB DEFAULT CHARSET=utf8mb4 COLLATE=utf8mb4_unicode_ci;

INSERT INTO `photos` (`id`, `fileName`, `mimeType`, `extension`, `fileSize`, `slug`, `status`, `user_id`, `created_at`, `updated_at`, `name`, `description`, `category`, `keyword`, `deleted_at`) VALUES
(1,	'voluptatem.jpg',	'image/jpeg',	'jpg',	1640793,	'dvHPbTSl75',	'active',	17,	'2024-04-01 22:32:34',	'2024-04-01 22:32:34',	'Pariatur voluptas minus iste tempore ex.',	'Sequi voluptatem voluptatem voluptatum facilis. Ipsa consectetur quia enim ab dolor.',	'excepturi',	'vel sequi non',	NULL),
(2,	'unde.jpg',	'image/jpeg',	'jpg',	691368,	'Hu2OJ7fcTk',	'active',	47,	'2024-04-01 22:32:34',	'2024-04-01 22:32:34',	'Et voluptas veniam dolorum voluptate distinctio.',	'Sunt non iusto at quod. Rerum quisquam quia aut consequatur ut fugiat molestiae. Cum numquam natus soluta ipsa. Eos facilis quidem dignissimos quia non qui.',	'aut',	'labore eligendi impedit',	NULL),
(3,	'perspiciatis.jpg',	'image/jpeg',	'jpg',	63439,	'aBi4EA6fsv',	'deleted',	3,	'2024-04-01 22:32:34',	'2024-04-01 22:32:34',	NULL,	'Accusantium omnis autem blanditiis modi aut quia. Aut reprehenderit sit aut. Dolorum libero qui illo et dolor magnam aperiam. Deleniti laboriosam neque dolore aspernatur quos ab natus.',	'sequi',	'aliquid a ut',	NULL),
(4,	'vero.jpg',	'image/jpeg',	'jpg',	486820,	'dMs1QkRCfd',	'deleted',	16,	'2024-04-01 22:32:34',	'2024-04-01 22:32:34',	'Facilis eaque neque quia tempora quae sequi et.',	NULL,	'quis',	'nesciunt ut blanditiis',	NULL),
(5,	'est.jpg',	'image/jpeg',	'jpg',	318478,	'pVRb3L46lP',	'deleted',	8,	'2024-04-01 22:32:34',	'2024-04-01 22:32:34',	NULL,	NULL,	'fuga',	NULL,	NULL),
(6,	'explicabo.jpg',	'image/jpeg',	'jpg',	1963595,	's3VIPxEOWt',	'deleted',	13,	'2024-04-01 22:32:34',	'2024-04-01 22:32:34',	NULL,	NULL,	NULL,	NULL,	NULL),
(7,	'ipsam.jpg',	'image/jpeg',	'jpg',	1119281,	'nZC8bElGhg',	'active',	22,	'2024-04-01 22:32:34',	'2024-04-01 22:32:34',	NULL,	NULL,	'mollitia',	'explicabo voluptatem dolore',	NULL),
(8,	'delectus.jpg',	'image/jpeg',	'jpg',	714885,	'Kqd9DgKQ0C',	'active',	15,	'2024-04-01 22:32:34',	'2024-04-01 22:32:34',	'Voluptatem qui quis iusto molestiae distinctio.',	NULL,	'temporibus',	'voluptatum officiis a',	NULL),
(9,	'impedit.jpg',	'image/jpeg',	'jpg',	1552683,	'ANmkVBpeoA',	'deleted',	21,	'2024-04-01 22:32:34',	'2024-04-01 22:32:34',	'Quidem consectetur incidunt dolore quas aperiam error est.',	NULL,	'fugiat',	'incidunt delectus voluptatum',	NULL),
(10,	'aspernatur.jpg',	'image/jpeg',	'jpg',	1150333,	'CN0aBAi7Xe',	'deleted',	32,	'2024-04-01 22:32:34',	'2024-04-01 22:32:34',	NULL,	NULL,	'laborum',	NULL,	NULL),
(11,	'neque.jpg',	'image/jpeg',	'jpg',	1581485,	'kwfGb7LUXL',	'deleted',	28,	'2024-04-01 22:32:34',	'2024-04-01 22:32:34',	'Doloribus velit voluptates id dolores ut.',	'Quod nihil dolorem incidunt. Enim dolore in perspiciatis esse quia voluptates. Ipsam consequuntur in id ex sint. Quia eaque veritatis sit velit impedit dolores.',	NULL,	NULL,	NULL),
(12,	'eum.jpg',	'image/jpeg',	'jpg',	268999,	'Y84smWsih4',	'active',	45,	'2024-04-01 22:32:34',	'2024-04-01 22:32:34',	'Maxime accusamus voluptatem culpa voluptate.',	NULL,	'a',	NULL,	NULL),
(13,	'inventore.jpg',	'image/jpeg',	'jpg',	998730,	'FrHlkDlajF',	'active',	1,	'2024-04-01 22:32:34',	'2024-04-01 22:32:34',	NULL,	'Accusantium quis provident voluptatum eius animi. Optio nesciunt a accusantium sint rem. Ipsam est mollitia eaque eveniet sit nihil. Fugit iusto repellendus at voluptatem accusantium nostrum voluptas est. Sunt consequatur nulla dignissimos maiores.',	'qui',	NULL,	NULL),
(14,	'perspiciatis.jpg',	'image/jpeg',	'jpg',	591269,	'3pvZ1Y8dwD',	'active',	3,	'2024-04-01 22:32:34',	'2024-04-01 22:32:34',	'Exercitationem sit modi veniam beatae.',	NULL,	'dolore',	'veritatis nulla non',	NULL),
(15,	'magni.jpg',	'image/jpeg',	'jpg',	126641,	'a5C6Y4Na2F',	'deleted',	45,	'2024-04-01 22:32:34',	'2024-04-01 22:32:34',	NULL,	'Cupiditate molestiae qui non incidunt impedit. Velit odio perferendis qui molestiae hic beatae. Non illo eum pariatur explicabo consequatur. Possimus quia non magni quis sint.',	'et',	NULL,	NULL),
(16,	'minima.jpg',	'image/jpeg',	'jpg',	925092,	'UIWMyNEtUd',	'active',	41,	'2024-04-01 22:32:34',	'2024-04-01 22:32:34',	NULL,	'Laboriosam temporibus non quod fuga illo consequatur qui. Optio rerum veritatis dolore dolores placeat facere accusantium ea. Saepe sed similique ea reprehenderit labore voluptas quos.',	'dolorem',	'soluta sed rerum',	NULL),
(17,	'quia.jpg',	'image/jpeg',	'jpg',	1912482,	'wDYOmaUuaq',	'active',	17,	'2024-04-01 22:32:34',	'2024-04-01 22:32:34',	NULL,	NULL,	NULL,	NULL,	NULL),
(18,	'quibusdam.jpg',	'image/jpeg',	'jpg',	1173411,	'i1lzvR5FKv',	'active',	15,	'2024-04-01 22:32:34',	'2024-04-01 22:32:34',	'Debitis sit delectus totam non quisquam iste quisquam mollitia.',	'Eius explicabo tempora esse et facilis soluta et. Iusto omnis enim qui molestias. Facere ullam non eum itaque voluptatum in et. Excepturi omnis quia eum. Aspernatur sapiente est est.',	NULL,	'voluptas et aut',	NULL),
(19,	'aspernatur.jpg',	'image/jpeg',	'jpg',	953813,	'zAAZpHaPvY',	'deleted',	27,	'2024-04-01 22:32:34',	'2024-04-01 22:32:34',	NULL,	'Explicabo sint alias dolorum maxime. Et a nisi perspiciatis qui aut. Quia asperiores fuga omnis molestias. Ut rerum exercitationem consequatur blanditiis adipisci.',	NULL,	NULL,	NULL),
(20,	'deleniti.jpg',	'image/jpeg',	'jpg',	1020798,	'y21HWHyfWu',	'active',	45,	'2024-04-01 22:32:34',	'2024-04-01 22:32:34',	NULL,	NULL,	'voluptas',	'eum reiciendis nihil',	NULL),
(21,	'officia.jpg',	'image/jpeg',	'jpg',	724855,	'a6gmHZBH1t',	'deleted',	45,	'2024-04-01 22:32:34',	'2024-04-01 22:32:34',	'Pariatur magnam porro officia praesentium rem quisquam.',	'Consequatur soluta in id repudiandae consequatur. Quas ad occaecati rem doloribus. Aut qui eum incidunt voluptatem. Consequatur quis doloremque id porro dolor voluptas perspiciatis esse.',	NULL,	'consectetur reiciendis mollitia',	NULL),
(22,	'ut.jpg',	'image/jpeg',	'jpg',	330481,	'Y6Vwi05umX',	'active',	32,	'2024-04-01 22:32:34',	'2024-04-01 22:32:34',	NULL,	'Eius ut ratione modi eligendi totam aut deleniti. Architecto est modi et odio a nihil vel. Eum sit possimus aut libero id nam qui. Voluptatem ut sint vel ea. Eos porro aspernatur porro non autem omnis maxime.',	NULL,	'vel similique soluta',	NULL),
(23,	'reiciendis.jpg',	'image/jpeg',	'jpg',	1135159,	'iCe429NoNq',	'active',	33,	'2024-04-01 22:32:34',	'2024-04-01 22:32:34',	NULL,	NULL,	NULL,	NULL,	NULL),
(24,	'tempore.jpg',	'image/jpeg',	'jpg',	1277786,	'x1LHzbnp6R',	'deleted',	17,	'2024-04-01 22:32:34',	'2024-04-01 22:32:34',	'Vel dicta odit architecto voluptate dignissimos.',	NULL,	NULL,	NULL,	NULL),
(25,	'accusamus.jpg',	'image/jpeg',	'jpg',	1059741,	'xJhUZH1VJ0',	'active',	3,	'2024-04-01 22:32:34',	'2024-04-01 22:32:34',	'Recusandae repellat nulla ut error inventore.',	'Eius in itaque sed aperiam impedit voluptatem nisi nemo. Corporis perferendis voluptatum et laudantium nam corporis suscipit. Recusandae molestias tempore voluptas accusamus ipsum. Sed tempora vel sit voluptatum.',	NULL,	'et similique dignissimos',	NULL),
(26,	'eos.jpg',	'image/jpeg',	'jpg',	429340,	'yhvzKysxAB',	'active',	10,	'2024-04-01 22:32:34',	'2024-04-01 22:32:34',	NULL,	NULL,	'iusto',	NULL,	NULL),
(27,	'iste.jpg',	'image/jpeg',	'jpg',	373573,	'5D4lK7eLib',	'active',	32,	'2024-04-01 22:32:34',	'2024-04-01 22:32:34',	NULL,	'Nobis sint voluptatem autem consectetur. Autem quidem officiis fugit quas ad. Ea alias tempora saepe nisi. Quod quis ut sequi omnis.',	'cumque',	'quis labore omnis',	NULL),
(28,	'ullam.jpg',	'image/jpeg',	'jpg',	34911,	'ExFY6J5sj2',	'deleted',	38,	'2024-04-01 22:32:34',	'2024-04-01 22:32:34',	NULL,	NULL,	NULL,	'ratione quod rerum',	NULL),
(29,	'laudantium.jpg',	'image/jpeg',	'jpg',	1470824,	'a6KOmRfQkB',	'deleted',	45,	'2024-04-01 22:32:34',	'2024-04-01 22:32:34',	NULL,	NULL,	'suscipit',	'repellendus aut libero',	NULL),
(30,	'ipsam.jpg',	'image/jpeg',	'jpg',	1714578,	'xSVkXtRIEJ',	'deleted',	47,	'2024-04-01 22:32:34',	'2024-04-01 22:32:34',	NULL,	'Quidem voluptatem ut et fugiat eaque. Consequuntur possimus sit quae fugit totam et quo soluta. Voluptas dolor nihil eum. Est fugiat quas et est nobis.',	NULL,	'iste beatae sunt',	NULL),
(31,	'perspiciatis.jpg',	'image/jpeg',	'jpg',	487223,	'Plm1wetu0N',	'active',	17,	'2024-04-01 22:32:34',	'2024-04-01 22:32:34',	NULL,	'Quia et nam velit dignissimos repellat et doloremque. Ea rerum illo repudiandae et. Harum amet et dolor reiciendis aut officiis.',	'nam',	NULL,	NULL),
(32,	'nesciunt.jpg',	'image/jpeg',	'jpg',	1486923,	'FULev1F7N4',	'active',	30,	'2024-04-01 22:32:34',	'2024-04-01 22:32:34',	NULL,	'Ex odit esse consequuntur. Rerum est quos qui est vero ut totam. Sunt corporis non dolores sint. Atque voluptas magnam assumenda incidunt.',	NULL,	'architecto nesciunt adipisci',	NULL),
(33,	'quis.jpg',	'image/jpeg',	'jpg',	361459,	'gldpVFOo0J',	'deleted',	12,	'2024-04-01 22:32:34',	'2024-04-01 22:32:34',	NULL,	'Culpa incidunt qui sed molestias omnis. Sint amet sint eum similique voluptatibus. Magnam necessitatibus ut laudantium cum vel magni veniam nam. Exercitationem dolores officia porro enim eaque.',	NULL,	NULL,	NULL),
(34,	'quos.jpg',	'image/jpeg',	'jpg',	1027665,	'3ElAnYbIOC',	'deleted',	3,	'2024-04-01 22:32:34',	'2024-04-01 22:32:34',	'Cum fugit quia iure eos.',	NULL,	'consequatur',	NULL,	NULL),
(35,	'natus.jpg',	'image/jpeg',	'jpg',	859292,	'rj92xdD8K4',	'deleted',	30,	'2024-04-01 22:32:34',	'2024-04-01 22:32:34',	'Accusantium accusantium eum nihil minima minus.',	'Iusto magnam est consectetur odit saepe sit odio quae. Sed enim et vitae ex corrupti rerum dolorem. Sint sint enim laboriosam laboriosam ut optio. Soluta dolor sed est nihil necessitatibus in natus.',	'sit',	'eos unde minus',	NULL),
(36,	'architecto.jpg',	'image/jpeg',	'jpg',	630992,	'kqA9rvfK8A',	'deleted',	45,	'2024-04-01 22:32:34',	'2024-04-01 22:32:34',	'Autem enim nam voluptatem aliquid laudantium qui.',	'Provident atque enim distinctio sed. Libero eligendi rerum aut tenetur neque. Nobis quia quasi ipsum exercitationem ut libero. Fuga reprehenderit dolore natus pariatur mollitia.',	'praesentium',	'tenetur ad doloribus',	NULL),
(37,	'aut.jpg',	'image/jpeg',	'jpg',	1036933,	'aiFt3Gb10F',	'deleted',	6,	'2024-04-01 22:32:34',	'2024-04-01 22:32:34',	NULL,	NULL,	NULL,	'officiis at perferendis',	NULL),
(38,	'excepturi.jpg',	'image/jpeg',	'jpg',	1366123,	'rS4sSE6ete',	'active',	25,	'2024-04-01 22:32:34',	'2024-04-01 22:32:34',	NULL,	'Rem impedit quia voluptatibus cumque dicta iusto aut maxime. Optio velit quod quia et dolore repudiandae. Accusamus ut reprehenderit minus autem ut ad.',	'quae',	NULL,	NULL),
(39,	'voluptatum.jpg',	'image/jpeg',	'jpg',	973104,	'7hZGDsnyrI',	'active',	32,	'2024-04-01 22:32:34',	'2024-04-01 22:32:34',	'Corporis quaerat sint sed ad molestiae sunt iusto iure.',	'Corrupti inventore totam enim et. Qui quasi quasi libero et. Voluptatem repudiandae quod cupiditate consequatur corporis ut officia.',	NULL,	NULL,	NULL),
(40,	'cupiditate.jpg',	'image/jpeg',	'jpg',	38350,	'ewVb5JBdde',	'deleted',	18,	'2024-04-01 22:32:34',	'2024-04-01 22:32:34',	'Dolorum repudiandae quasi eligendi a enim.',	'Asperiores earum ducimus aliquam quia. In atque excepturi quibusdam quis eum.',	'id',	NULL,	NULL),
(41,	'distinctio.jpg',	'image/jpeg',	'jpg',	1105646,	'Mh213LXbie',	'active',	28,	'2024-04-01 22:32:34',	'2024-04-01 22:32:34',	NULL,	'Quam nihil repellat unde sit recusandae culpa. Quibusdam sunt et commodi eveniet id. Qui et atque quia dicta quis est quia. Explicabo vero quisquam non doloremque atque sint itaque deserunt.',	NULL,	NULL,	NULL),
(42,	'autem.jpg',	'image/jpeg',	'jpg',	1482100,	'KVceOH8lFb',	'deleted',	45,	'2024-04-01 22:32:34',	'2024-04-01 22:32:34',	'Voluptatem laboriosam reprehenderit praesentium consequatur.',	'Veniam qui et omnis iusto sit cum quis voluptate. Ab veniam ipsam et vero excepturi. Doloribus consequuntur quidem officia voluptatibus nihil tempore. Ratione aut repellendus omnis adipisci velit.',	'ipsam',	NULL,	NULL),
(43,	'laudantium.jpg',	'image/jpeg',	'jpg',	12626,	'6mmyXy4WX4',	'active',	17,	'2024-04-01 22:32:34',	'2024-04-01 22:32:34',	'A quis et officia ex qui quia maxime.',	NULL,	'sit',	NULL,	NULL),
(44,	'voluptas.jpg',	'image/jpeg',	'jpg',	212588,	'4DtEuTAHoJ',	'active',	15,	'2024-04-01 22:32:34',	'2024-04-01 22:32:34',	NULL,	NULL,	NULL,	'ratione expedita non',	NULL),
(45,	'qui.jpg',	'image/jpeg',	'jpg',	1729055,	'URqfq1yRZG',	'active',	17,	'2024-04-01 22:32:34',	'2024-04-01 22:32:34',	NULL,	NULL,	'dolorem',	NULL,	NULL),
(46,	'voluptatem.jpg',	'image/jpeg',	'jpg',	300215,	'VDlvYwsW4t',	'deleted',	44,	'2024-04-01 22:32:34',	'2024-04-01 22:32:34',	NULL,	'Necessitatibus accusantium ducimus debitis omnis. Quaerat provident quo quas in praesentium. Sed dolorum velit vitae aut eum.',	NULL,	'iusto non tempore',	NULL),
(47,	'eos.jpg',	'image/jpeg',	'jpg',	903790,	'rT7RhkqHtx',	'deleted',	45,	'2024-04-01 22:32:34',	'2024-04-01 22:32:34',	'Praesentium vero aperiam et pariatur et.',	NULL,	NULL,	'autem itaque corporis',	NULL),
(48,	'possimus.jpg',	'image/jpeg',	'jpg',	684855,	'R9sCpqDZtk',	'active',	49,	'2024-04-01 22:32:34',	'2024-04-01 22:32:34',	'Quia ipsum quia sit laudantium aut ut in repellat.',	NULL,	'eos',	'architecto quia est',	NULL),
(49,	'sunt.jpg',	'image/jpeg',	'jpg',	796016,	'vFHgYCk9fu',	'deleted',	41,	'2024-04-01 22:32:34',	'2024-04-01 22:32:34',	NULL,	NULL,	NULL,	'et voluptate ad',	NULL),
(50,	'eos.jpg',	'image/jpeg',	'jpg',	657155,	'jwWIXa2z5f',	'deleted',	22,	'2024-04-01 22:32:34',	'2024-04-01 22:32:34',	'Sunt eos et quidem voluptate.',	'Omnis ullam sequi eligendi excepturi. Et temporibus qui necessitatibus laudantium ad consequatur repellat. Qui maxime sunt nulla. Fuga aut tenetur et voluptas occaecati veritatis aliquid nesciunt. Consequatur porro velit nihil adipisci.',	NULL,	NULL,	NULL),
(51,	'et.jpg',	'image/jpeg',	'jpg',	57071,	'jbNGBatpBP',	'deleted',	49,	'2024-04-01 22:32:34',	'2024-04-01 22:32:34',	NULL,	'Repellat doloribus optio in quis voluptate magni. Doloremque nihil deserunt iusto nobis. Alias aut minus sit eum. Aspernatur aut sed et optio et dignissimos.',	NULL,	NULL,	NULL),
(52,	'reprehenderit.jpg',	'image/jpeg',	'jpg',	733883,	'06HuNm3TPk',	'active',	21,	'2024-04-01 22:32:34',	'2024-04-01 22:32:34',	NULL,	'Vitae ea vitae consequatur voluptatem perspiciatis. Ipsum et exercitationem vel rerum molestiae a. Enim dolorum quos officia. Laborum et sed laboriosam facilis sit.',	NULL,	NULL,	NULL),
(53,	'rerum.jpg',	'image/jpeg',	'jpg',	592565,	'SxLTQYjXFE',	'deleted',	21,	'2024-04-01 22:32:34',	'2024-04-01 22:32:34',	'Ipsa ut eligendi magni reprehenderit hic.',	'Voluptatem explicabo aut consequatur voluptatem molestiae. Temporibus molestiae sunt sapiente voluptas. Quo incidunt nostrum itaque et quasi. Ut quia nemo fugiat id distinctio non at.',	NULL,	NULL,	NULL),
(54,	'hic.jpg',	'image/jpeg',	'jpg',	1212913,	'HH89QJBfMa',	'deleted',	25,	'2024-04-01 22:32:34',	'2024-04-01 22:32:34',	'Illo facere officiis reprehenderit.',	'Nam dolor mollitia repellendus eum tempora itaque. Cumque et atque dolor cum voluptatum consequatur. Facilis labore labore corporis autem culpa. Nihil quia asperiores omnis consequuntur.',	'similique',	NULL,	NULL),
(55,	'est.jpg',	'image/jpeg',	'jpg',	270870,	'5Wy8zHPf6G',	'active',	49,	'2024-04-01 22:32:34',	'2024-04-01 22:32:34',	NULL,	'Sint nobis aut nulla nulla. Accusantium eum consequatur facilis velit sunt et. Voluptas laborum omnis beatae.',	'et',	'voluptas quia quasi',	NULL),
(56,	'fugit.jpg',	'image/jpeg',	'jpg',	927464,	'95BeMNo1kC',	'active',	3,	'2024-04-01 22:32:34',	'2024-04-01 22:32:34',	NULL,	'Natus veritatis amet sed quisquam saepe ipsum. Voluptas expedita eaque sit aperiam cum vero. Eos impedit libero pariatur architecto eos.',	'aperiam',	'dicta qui quia',	NULL),
(57,	'dignissimos.jpg',	'image/jpeg',	'jpg',	548774,	'q5jtU9I6X5',	'deleted',	1,	'2024-04-01 22:32:34',	'2024-04-01 22:32:34',	NULL,	'Officia aut aperiam animi eum velit. Inventore neque voluptatibus sunt odit voluptates explicabo rem.',	'mollitia',	'necessitatibus quibusdam tempora',	NULL),
(58,	'aperiam.jpg',	'image/jpeg',	'jpg',	1381586,	'KGJNIw59Wq',	'active',	12,	'2024-04-01 22:32:34',	'2024-04-01 22:32:34',	NULL,	'Autem et corrupti omnis ea cumque alias. Voluptatibus quaerat dolore atque voluptatem incidunt sed voluptate. Est sed aut est sunt rerum nostrum. Iure impedit dolorem quasi ullam consequuntur nemo voluptas.',	'modi',	'excepturi sit ex',	NULL),
(59,	'eveniet.jpg',	'image/jpeg',	'jpg',	1996244,	'0YEl6DKEgH',	'active',	7,	'2024-04-01 22:32:34',	'2024-04-01 22:32:34',	'Nostrum minima inventore autem aperiam aut.',	'Necessitatibus voluptas quis odit qui et ut quisquam. Doloribus est est distinctio est sit aut corrupti.',	'distinctio',	'facere et sit',	NULL),
(60,	'voluptatum.jpg',	'image/jpeg',	'jpg',	530456,	'BHkXVzL3DM',	'active',	3,	'2024-04-01 22:32:34',	'2024-04-01 22:32:34',	NULL,	NULL,	NULL,	NULL,	NULL),
(61,	'est.jpg',	'image/jpeg',	'jpg',	692572,	'3mbHCNnDsz',	'active',	17,	'2024-04-01 22:32:34',	'2024-04-01 22:32:34',	'Perferendis vel quod saepe possimus cumque exercitationem dolor.',	'Aut praesentium ut officiis repellat eum ullam impedit. Temporibus doloremque et aliquid iure autem velit. Velit est quia culpa ratione maiores expedita asperiores.',	'in',	NULL,	NULL),
(62,	'aut.jpg',	'image/jpeg',	'jpg',	950568,	'nzrUFCT4DR',	'deleted',	21,	'2024-04-01 22:32:34',	'2024-04-01 22:32:34',	'Nostrum aperiam et et dicta.',	NULL,	NULL,	'autem iure optio',	NULL),
(63,	'earum.jpg',	'image/jpeg',	'jpg',	445097,	'olp4d01oJX',	'active',	8,	'2024-04-01 22:32:34',	'2024-04-01 22:32:34',	'Optio praesentium necessitatibus omnis quasi et sed neque.',	NULL,	'dicta',	'consequatur qui dignissimos',	NULL),
(64,	'est.jpg',	'image/jpeg',	'jpg',	1474221,	'qjj4nbbCiG',	'deleted',	10,	'2024-04-01 22:32:34',	'2024-04-01 22:32:34',	'Eaque voluptas sequi vel reprehenderit amet perferendis id.',	'Quibusdam debitis sunt maiores ipsa itaque. Qui illum omnis aut ut pariatur earum illo voluptas.',	NULL,	'autem porro quo',	NULL),
(65,	'quia.jpg',	'image/jpeg',	'jpg',	214564,	'azik3SAHp1',	'deleted',	49,	'2024-04-01 22:32:34',	'2024-04-01 22:32:34',	'Unde quis qui ut rerum ut porro voluptate dolores.',	NULL,	NULL,	NULL,	NULL),
(66,	'voluptas.jpg',	'image/jpeg',	'jpg',	1647784,	'KmpCMMC14r',	'deleted',	38,	'2024-04-01 22:32:34',	'2024-04-01 22:32:34',	NULL,	NULL,	'quo',	NULL,	NULL),
(67,	'et.jpg',	'image/jpeg',	'jpg',	138098,	'N8qWGJhlvc',	'active',	8,	'2024-04-01 22:32:34',	'2024-04-01 22:32:34',	NULL,	NULL,	'dolores',	'ut et atque',	NULL),
(68,	'numquam.jpg',	'image/jpeg',	'jpg',	1475445,	'mwdqssUKMt',	'deleted',	21,	'2024-04-01 22:32:34',	'2024-04-01 22:32:34',	'Repellat libero illo explicabo voluptatem voluptas et omnis.',	'Qui non et itaque ut blanditiis assumenda maxime repudiandae. Labore iste aperiam quia quae. Et aut ratione voluptatum nobis in. Corrupti quia sequi rerum et quos.',	'voluptate',	NULL,	NULL),
(69,	'et.jpg',	'image/jpeg',	'jpg',	807055,	'MxaOJ37xC9',	'active',	32,	'2024-04-01 22:32:34',	'2024-04-01 22:32:34',	'Et doloribus minima eveniet repellendus occaecati.',	NULL,	'quos',	'nulla minima assumenda',	NULL),
(70,	'similique.jpg',	'image/jpeg',	'jpg',	1434486,	'LZ5FKSr4pW',	'deleted',	12,	'2024-04-01 22:32:34',	'2024-04-01 22:32:34',	NULL,	NULL,	NULL,	'et voluptatem officia',	NULL),
(71,	'alias.jpg',	'image/jpeg',	'jpg',	132793,	'f3PF2NHrlG',	'deleted',	10,	'2024-04-01 22:32:34',	'2024-04-01 22:32:34',	'Id facere molestiae est nihil voluptatem cupiditate illo.',	'Quia rerum distinctio autem repellat est enim ut. Impedit quibusdam asperiores rerum quia voluptatum eius ut. Fugiat voluptatibus alias blanditiis ullam aut.',	'recusandae',	'ullam consequatur eos',	NULL),
(72,	'commodi.jpg',	'image/jpeg',	'jpg',	1604023,	'4qROw4itTu',	'deleted',	3,	'2024-04-01 22:32:34',	'2024-04-01 22:32:34',	'In expedita omnis a earum est pariatur eos.',	'Pariatur reprehenderit minima dolor voluptate commodi nostrum. Inventore et cumque voluptatem.',	'voluptates',	NULL,	NULL),
(73,	'error.jpg',	'image/jpeg',	'jpg',	1228160,	'32A89ggHdt',	'active',	8,	'2024-04-01 22:32:34',	'2024-04-01 22:32:34',	NULL,	'Quaerat ex et omnis dolor et. Velit recusandae eum labore quis. Aperiam soluta qui ut vel aut.',	'nulla',	'rerum est consequatur',	NULL),
(74,	'minus.jpg',	'image/jpeg',	'jpg',	1837758,	'PwObcSJdXj',	'deleted',	17,	'2024-04-01 22:32:34',	'2024-04-01 22:32:34',	'Et sit et illo perferendis earum sint.',	NULL,	'et',	NULL,	NULL),
(75,	'ipsam.jpg',	'image/jpeg',	'jpg',	1161533,	'qmd5tJUl5f',	'active',	22,	'2024-04-01 22:32:34',	'2024-04-01 22:32:34',	NULL,	NULL,	NULL,	NULL,	NULL),
(76,	'velit.jpg',	'image/jpeg',	'jpg',	799926,	'EfMp91ryWe',	'active',	1,	'2024-04-01 22:32:34',	'2024-04-01 22:32:34',	'Commodi autem voluptatem voluptas sint qui commodi sint in.',	'Ut eligendi reiciendis itaque molestiae dignissimos atque voluptas. Ipsum tenetur sunt itaque pariatur laborum. Et consequuntur temporibus quo ipsum qui veniam odio. Sunt accusantium explicabo et laborum reprehenderit ut esse. Harum est unde quo adipisci.',	'et',	'nihil sequi ea',	NULL),
(77,	'dicta.jpg',	'image/jpeg',	'jpg',	319869,	'Ww8nJvwN2U',	'deleted',	8,	'2024-04-01 22:32:34',	'2024-04-01 22:32:34',	NULL,	NULL,	NULL,	NULL,	NULL),
(78,	'et.jpg',	'image/jpeg',	'jpg',	785864,	'gE7ITtJpRb',	'active',	46,	'2024-04-01 22:32:34',	'2024-04-01 22:32:34',	'Consequuntur sit magnam quae quos debitis fuga sint.',	NULL,	NULL,	NULL,	NULL),
(79,	'excepturi.jpg',	'image/jpeg',	'jpg',	1991231,	'cJjYZGahVG',	'deleted',	30,	'2024-04-01 22:32:34',	'2024-04-01 22:32:34',	NULL,	'Aperiam dolores sunt perspiciatis tenetur non inventore pariatur. Et aperiam quia nulla quisquam illo voluptas repudiandae. Quibusdam odit ut voluptas nostrum qui voluptas ratione.',	NULL,	'iusto corrupti et',	NULL),
(80,	'voluptatem.jpg',	'image/jpeg',	'jpg',	334483,	'fNOBzl845Z',	'active',	10,	'2024-04-01 22:32:34',	'2024-04-01 22:32:34',	NULL,	NULL,	'sed',	'occaecati est quibusdam',	NULL),
(81,	'consequatur.jpg',	'image/jpeg',	'jpg',	348994,	'tTnOpBGmiG',	'active',	30,	'2024-04-01 22:32:34',	'2024-04-01 22:32:34',	NULL,	'Eveniet enim hic eligendi similique. Inventore esse cumque libero repellendus. Molestiae in sunt dolores asperiores error autem.',	'dicta',	'est tempora iusto',	NULL),
(82,	'aperiam.jpg',	'image/jpeg',	'jpg',	1434318,	'aODhWG5zFx',	'active',	8,	'2024-04-01 22:32:34',	'2024-04-01 22:32:34',	'Ut molestiae commodi vitae ut ratione ipsum quasi possimus.',	NULL,	'vitae',	'odio perferendis tempora',	NULL),
(83,	'rem.jpg',	'image/jpeg',	'jpg',	748791,	'FtlcLVd0sU',	'deleted',	50,	'2024-04-01 22:32:34',	'2024-04-01 22:32:34',	'In minus in ab est neque dolorum.',	NULL,	'sed',	NULL,	NULL),
(84,	'ea.jpg',	'image/jpeg',	'jpg',	1299239,	'NPZti4Irm3',	'active',	49,	'2024-04-01 22:32:34',	'2024-04-01 22:32:34',	NULL,	NULL,	NULL,	'voluptatem est quia',	NULL),
(85,	'officiis.jpg',	'image/jpeg',	'jpg',	1938442,	'nY343O9d6P',	'deleted',	25,	'2024-04-01 22:32:34',	'2024-04-01 22:32:34',	'Non temporibus quisquam a at molestias recusandae facilis similique.',	'Atque asperiores saepe minima. Quae officiis voluptates delectus fugit quaerat. Dolorum neque exercitationem qui excepturi aspernatur alias sapiente. Sunt labore aut facilis iusto.',	NULL,	NULL,	NULL),
(86,	'aliquid.jpg',	'image/jpeg',	'jpg',	151938,	'i42Mth8Scq',	'active',	6,	'2024-04-01 22:32:34',	'2024-04-01 22:32:34',	NULL,	NULL,	'non',	'consequatur est sed',	NULL),
(87,	'exercitationem.jpg',	'image/jpeg',	'jpg',	1280863,	'T4QAooa0hA',	'deleted',	44,	'2024-04-01 22:32:34',	'2024-04-01 22:32:34',	'In libero consequatur saepe et veniam odit.',	'Sed et ut qui sunt magnam accusantium. Ut dolorem facere consequatur earum voluptatum id iure eum. Et dolor tenetur iusto eos ut et quibusdam.',	NULL,	'hic sit nihil',	NULL),
(88,	'numquam.jpg',	'image/jpeg',	'jpg',	1487921,	'jNtcnyhlcX',	'active',	7,	'2024-04-01 22:32:34',	'2024-04-01 22:32:34',	NULL,	NULL,	NULL,	NULL,	NULL),
(89,	'cum.jpg',	'image/jpeg',	'jpg',	294479,	'niW05V8Yi0',	'active',	22,	'2024-04-01 22:32:34',	'2024-04-01 22:32:34',	NULL,	'Doloremque excepturi provident eum dolorem est. Nisi eos exercitationem deserunt nostrum. Ut aspernatur ad mollitia vel consectetur omnis. Architecto omnis culpa et autem qui optio asperiores amet.',	NULL,	NULL,	NULL),
(90,	'ipsa.jpg',	'image/jpeg',	'jpg',	134014,	'oYHaqn0Yqb',	'active',	49,	'2024-04-01 22:32:34',	'2024-04-01 22:32:34',	NULL,	NULL,	NULL,	NULL,	NULL),
(91,	'nobis.jpg',	'image/jpeg',	'jpg',	1798200,	'WNO8AYazdM',	'active',	27,	'2024-04-01 22:32:34',	'2024-04-01 22:32:34',	'Aut similique aliquid aperiam natus harum placeat.',	NULL,	NULL,	NULL,	NULL),
(92,	'reiciendis.jpg',	'image/jpeg',	'jpg',	1244376,	'b5FZCjyA7S',	'deleted',	10,	'2024-04-01 22:32:34',	'2024-04-01 22:32:34',	NULL,	NULL,	NULL,	'a ullam rerum',	NULL),
(93,	'iusto.jpg',	'image/jpeg',	'jpg',	1875450,	'Dm55AcVYTP',	'active',	15,	'2024-04-01 22:32:34',	'2024-04-01 22:32:34',	NULL,	'Aut autem et reprehenderit minus explicabo. Consequatur explicabo accusantium nam perspiciatis minima id est. Quasi voluptas et in sint non perferendis ullam.',	'natus',	'incidunt quidem ex',	NULL),
(94,	'ullam.jpg',	'image/jpeg',	'jpg',	695924,	'8ALGMQPFsv',	'active',	38,	'2024-04-01 22:32:34',	'2024-04-01 22:32:34',	NULL,	'Consectetur sequi illo alias adipisci magni. Accusamus totam dolor optio delectus possimus ullam. Culpa et temporibus provident hic excepturi assumenda. Excepturi porro dolores rerum saepe placeat exercitationem.',	'nihil',	NULL,	NULL),
(95,	'itaque.jpg',	'image/jpeg',	'jpg',	1002099,	'2e8PyRCC1f',	'deleted',	32,	'2024-04-01 22:32:34',	'2024-04-01 22:32:34',	'Velit ut sit ut iure voluptates.',	'Occaecati quaerat nesciunt sapiente facilis in odio possimus. Vero hic repudiandae temporibus neque similique placeat. Rerum facilis dolorem qui at. Magni necessitatibus accusamus facilis dolore blanditiis.',	'suscipit',	'repudiandae modi qui',	NULL),
(96,	'nemo.jpg',	'image/jpeg',	'jpg',	751039,	'g2YRj8FZto',	'active',	7,	'2024-04-01 22:32:34',	'2024-04-01 22:32:34',	'Modi unde minima minus sunt deserunt.',	NULL,	'temporibus',	NULL,	NULL),
(97,	'repellat.jpg',	'image/jpeg',	'jpg',	142547,	'YgBSJMXGCE',	'active',	46,	'2024-04-01 22:32:34',	'2024-04-01 22:32:34',	NULL,	NULL,	NULL,	NULL,	NULL),
(98,	'incidunt.jpg',	'image/jpeg',	'jpg',	580264,	'g7gFH3bXvy',	'active',	15,	'2024-04-01 22:32:34',	'2024-04-01 22:32:34',	NULL,	NULL,	'soluta',	'ducimus nostrum non',	NULL),
(99,	'aperiam.jpg',	'image/jpeg',	'jpg',	110479,	'FeCYd5cOi1',	'active',	32,	'2024-04-01 22:32:34',	'2024-04-01 22:32:34',	'Aliquam porro tempore aspernatur soluta.',	'Cum sapiente sed consequatur corrupti voluptatem id. Eaque aut ipsum blanditiis totam soluta aut. Nobis quia dolorum qui est corrupti dolores.',	NULL,	'ut voluptatem aspernatur',	NULL),
(100,	'est.jpg',	'image/jpeg',	'jpg',	765623,	'BMCkwLl05s',	'deleted',	45,	'2024-04-01 22:32:34',	'2024-04-01 22:32:34',	NULL,	'Accusamus ut et alias iusto praesentium sint et repudiandae. Optio corrupti eum quia qui aut qui et. Doloribus et culpa atque non consectetur sint.',	'optio',	'est molestiae totam',	NULL),
(101,	'incidunt.jpg',	'image/jpeg',	'jpg',	1143476,	'iBMfkE7mKn',	'active',	15,	'2024-04-01 22:32:34',	'2024-04-01 22:32:34',	'Dolorem quo facere omnis id.',	'Et nobis non ab nesciunt. Non recusandae odit doloribus. Illum esse optio ea natus voluptas nesciunt illo similique. Molestiae accusantium eligendi aperiam voluptates.',	'fuga',	'mollitia repellendus eos',	NULL),
(102,	'autem.jpg',	'image/jpeg',	'jpg',	171744,	'XBaCdZ46nR',	'active',	49,	'2024-04-01 22:32:34',	'2024-04-01 22:32:34',	'Ut deserunt placeat rerum excepturi.',	NULL,	'et',	'in quam sequi',	NULL),
(103,	'saepe.jpg',	'image/jpeg',	'jpg',	893239,	'gEQ21rSsn0',	'active',	12,	'2024-04-01 22:32:34',	'2024-04-01 22:32:34',	'Ea ipsum et voluptates commodi ea tempora veniam.',	'Eius culpa pariatur laboriosam provident ipsam vitae aut iure. Et nihil aut earum est mollitia et. Eos tempora necessitatibus corrupti tempora ea.',	NULL,	'iusto praesentium fuga',	NULL),
(104,	'nam.jpg',	'image/jpeg',	'jpg',	210130,	'DrBWrUj3dx',	'active',	13,	'2024-04-01 22:32:34',	'2024-04-01 22:32:34',	'Quo qui est officiis sunt nemo maxime ea.',	NULL,	'voluptates',	'quis debitis sunt',	NULL),
(105,	'corporis.jpg',	'image/jpeg',	'jpg',	460737,	'Zqd5P33Uus',	'deleted',	12,	'2024-04-01 22:32:34',	'2024-04-01 22:32:34',	NULL,	'Ad voluptatem et quas sint beatae. Quibusdam aut eaque enim quam nam minus in magnam. Debitis et cum deserunt quasi. Ut eum quia est.',	NULL,	NULL,	NULL),
(106,	'qui.jpg',	'image/jpeg',	'jpg',	1416633,	'KDmo21GAAJ',	'deleted',	32,	'2024-04-01 22:32:34',	'2024-04-01 22:32:34',	NULL,	NULL,	'provident',	'voluptatem illo enim',	NULL),
(107,	'ut.jpg',	'image/jpeg',	'jpg',	378959,	's1yzLd90Qy',	'deleted',	25,	'2024-04-01 22:32:34',	'2024-04-01 22:32:34',	NULL,	NULL,	NULL,	NULL,	NULL),
(108,	'maiores.jpg',	'image/jpeg',	'jpg',	199547,	'BQ4XmEUBsw',	'deleted',	44,	'2024-04-01 22:32:34',	'2024-04-01 22:32:34',	NULL,	'Magnam delectus et accusantium aliquid voluptatibus. Eius architecto deleniti at est. Modi et omnis eligendi hic ut soluta. Officia et ipsam similique facere expedita.',	NULL,	'explicabo expedita rem',	NULL),
(109,	'impedit.jpg',	'image/jpeg',	'jpg',	241558,	'xjSXSzFr8G',	'active',	21,	'2024-04-01 22:32:34',	'2024-04-01 22:32:34',	'Et ipsum rerum quia autem facilis.',	'Est non totam sit consequuntur minima quaerat voluptate. Est est velit esse ipsa sint ea repellat. Consequatur et dolore aut ut.',	NULL,	NULL,	NULL),
(110,	'qui.jpg',	'image/jpeg',	'jpg',	587820,	'C2UgkzfsCn',	'active',	8,	'2024-04-01 22:32:34',	'2024-04-01 22:32:34',	NULL,	'Aspernatur corrupti aliquid ut quos ad. Necessitatibus vel harum et aut mollitia odio quam magnam. Aut ullam voluptatem in numquam expedita adipisci. Ut dolorem voluptate inventore aperiam consequatur voluptate recusandae.',	'distinctio',	'eaque iure totam',	NULL),
(111,	'veniam.jpg',	'image/jpeg',	'jpg',	1325821,	'3Jom6BCWD5',	'deleted',	3,	'2024-04-01 22:32:34',	'2024-04-01 22:32:34',	NULL,	'Quod quia voluptas est sunt aut. Quia dolorum laudantium aut delectus doloremque.',	'illum',	'nemo esse laboriosam',	NULL),
(112,	'reiciendis.jpg',	'image/jpeg',	'jpg',	558938,	'hunVokD9y2',	'deleted',	35,	'2024-04-01 22:32:34',	'2024-04-01 22:32:34',	'Reprehenderit perspiciatis aut omnis corporis corrupti tempora quo.',	NULL,	'officiis',	NULL,	NULL),
(113,	'officia.jpg',	'image/jpeg',	'jpg',	1884504,	'oMRM5XAd1N',	'active',	12,	'2024-04-01 22:32:34',	'2024-04-01 22:32:34',	NULL,	NULL,	NULL,	'cumque iusto assumenda',	NULL),
(114,	'laudantium.jpg',	'image/jpeg',	'jpg',	104551,	'yymooYuJ29',	'active',	33,	'2024-04-01 22:32:34',	'2024-04-01 22:32:34',	NULL,	'Qui eaque qui sit sit et. Blanditiis et velit ducimus tempore et eos beatae. Eos praesentium iste nemo aut placeat perferendis.',	'quo',	NULL,	NULL),
(115,	'sint.jpg',	'image/jpeg',	'jpg',	1040359,	'IbvMUaoRCX',	'deleted',	32,	'2024-04-01 22:32:34',	'2024-04-01 22:32:34',	'Eligendi aut reiciendis et tempora corrupti corrupti alias quaerat.',	'Vel deserunt nobis accusantium vitae omnis. Vel labore provident non beatae. Perferendis consequatur est placeat unde blanditiis qui sequi. Omnis aperiam non esse sint autem autem.',	'ipsam',	'exercitationem quisquam voluptas',	NULL),
(116,	'consequatur.jpg',	'image/jpeg',	'jpg',	1378582,	'EEkax3rgFH',	'deleted',	28,	'2024-04-01 22:32:34',	'2024-04-01 22:32:34',	'Ut eos iusto sed neque ratione maxime aliquam.',	NULL,	'debitis',	NULL,	NULL),
(117,	'molestias.jpg',	'image/jpeg',	'jpg',	1518177,	'IRWnUwgtmp',	'deleted',	25,	'2024-04-01 22:32:34',	'2024-04-01 22:32:34',	'Totam non rem assumenda commodi recusandae impedit.',	'Assumenda facere assumenda est et est est. Voluptatum voluptatem culpa quod temporibus. Temporibus delectus veritatis repellendus dolor quia enim commodi quidem. Praesentium aut at quibusdam nisi impedit magni fugiat. Aut ab omnis ut delectus quae.',	NULL,	NULL,	NULL),
(118,	'non.jpg',	'image/jpeg',	'jpg',	1495350,	'zMehiAZsXf',	'active',	28,	'2024-04-01 22:32:34',	'2024-04-01 22:32:34',	'Ut quae nisi cum quam exercitationem ea non inventore.',	NULL,	NULL,	'laborum rerum a',	NULL),
(119,	'quasi.jpg',	'image/jpeg',	'jpg',	113716,	'F1qcZsgNKI',	'active',	49,	'2024-04-01 22:32:34',	'2024-04-01 22:32:34',	NULL,	'Laboriosam animi rerum nemo hic. Quis cupiditate quia ut quia sint nulla illum. Velit ullam ut assumenda ab sint non distinctio.',	'odit',	'rerum ea et',	NULL),
(120,	'quidem.jpg',	'image/jpeg',	'jpg',	1531991,	'qDuP4u7EBR',	'deleted',	8,	'2024-04-01 22:32:34',	'2024-04-01 22:32:34',	NULL,	'Nobis dolores et perferendis id sit. Ut vero qui quis enim aperiam porro. Occaecati illum sit aut officia est. Aliquam ipsum assumenda illum dolor ab.',	'rerum',	NULL,	NULL),
(121,	'similique.jpg',	'image/jpeg',	'jpg',	429376,	'sZcz7eJz0y',	'active',	8,	'2024-04-01 22:32:34',	'2024-04-01 22:32:34',	'Similique voluptatem sapiente architecto dolorem corrupti amet.',	NULL,	NULL,	'est nihil voluptas',	NULL),
(122,	'accusamus.jpg',	'image/jpeg',	'jpg',	543616,	'QRXYVlYYtU',	'deleted',	25,	'2024-04-01 22:32:34',	'2024-04-01 22:32:34',	'Sunt est consequatur est quaerat ut quae non dolores.',	NULL,	'nihil',	NULL,	NULL),
(123,	'vel.jpg',	'image/jpeg',	'jpg',	593043,	'1f2LayS5x6',	'active',	49,	'2024-04-01 22:32:34',	'2024-04-01 22:32:34',	'Voluptatem numquam perspiciatis voluptas dolores consequatur nobis et.',	'Laborum eius et alias et sunt ipsum. Tempora alias totam consequatur voluptatem inventore aut. Ut sequi aut quia. Eum repudiandae sit doloremque eum.',	NULL,	'in asperiores iste',	NULL),
(124,	'ut.jpg',	'image/jpeg',	'jpg',	1598190,	'w2CV5JKpiC',	'deleted',	6,	'2024-04-01 22:32:34',	'2024-04-01 22:32:34',	NULL,	'Ratione nesciunt dicta veritatis ut aut. Consectetur culpa facilis distinctio neque illum sit sit consequuntur. Dicta sunt quis possimus minima et magni nisi. Et sint nostrum quis molestiae similique.',	NULL,	NULL,	NULL),
(125,	'ipsum.jpg',	'image/jpeg',	'jpg',	60869,	'5TmutIruC6',	'active',	18,	'2024-04-01 22:32:34',	'2024-04-01 22:32:34',	'Iusto ex voluptates temporibus maxime vel exercitationem molestias.',	NULL,	'adipisci',	NULL,	NULL),
(126,	'hic.jpg',	'image/jpeg',	'jpg',	1378587,	'FyJqv2Hjnr',	'active',	1,	'2024-04-01 22:32:34',	'2024-04-01 22:32:34',	'Cum architecto fugiat repellendus omnis aut voluptatem mollitia itaque.',	NULL,	'sed',	NULL,	NULL),
(127,	'culpa.jpg',	'image/jpeg',	'jpg',	480947,	'I17nE70psz',	'active',	50,	'2024-04-01 22:32:34',	'2024-04-01 22:32:34',	'Consequatur quasi deserunt nihil qui nulla inventore.',	'Id et odio saepe non sequi. Sapiente ut quisquam accusamus repellendus. Voluptas cupiditate dolor itaque aut quis qui eum. Dolores nobis at et est. Vel necessitatibus molestiae voluptatem voluptatem.',	'ab',	NULL,	NULL),
(128,	'hic.jpg',	'image/jpeg',	'jpg',	981097,	'xiGQHGM4Yc',	'deleted',	27,	'2024-04-01 22:32:34',	'2024-04-01 22:32:34',	'Voluptas culpa consequatur veniam qui.',	NULL,	NULL,	NULL,	NULL),
(129,	'labore.jpg',	'image/jpeg',	'jpg',	69091,	'iNswLITTUl',	'deleted',	22,	'2024-04-01 22:32:34',	'2024-04-01 22:32:34',	NULL,	'Ut blanditiis possimus maiores et nihil. Magni molestias quis aliquam voluptatem et expedita. Enim ipsa et dolores aliquid. Vero ut quia quia voluptatibus iste velit sint.',	NULL,	'modi doloribus qui',	NULL),
(130,	'molestias.jpg',	'image/jpeg',	'jpg',	796696,	'VWB95jAu2F',	'active',	7,	'2024-04-01 22:32:34',	'2024-04-01 22:32:34',	'Ipsum quia est non quis provident aliquam.',	'Est dolorem blanditiis magnam quo quaerat. Laborum rerum quod eius quo et. Est sit voluptatem atque debitis odio eligendi. Consectetur officia sint praesentium omnis doloribus.',	'sed',	'vero sed ut',	NULL),
(131,	'temporibus.jpg',	'image/jpeg',	'jpg',	964507,	'XFHnqkzdxb',	'deleted',	13,	'2024-04-01 22:32:34',	'2024-04-01 22:32:34',	'Quasi temporibus sint sed beatae qui vero reiciendis qui.',	NULL,	NULL,	'rem unde tempore',	NULL),
(132,	'voluptate.jpg',	'image/jpeg',	'jpg',	1971084,	'uOMnJNgImG',	'active',	6,	'2024-04-01 22:32:34',	'2024-04-01 22:32:34',	'Sed eos excepturi laudantium optio eum reprehenderit vel.',	'Fuga ut corrupti quo fugit. Ut quos quia excepturi vel. Esse dolore et numquam quasi quis ut. Non quia cumque nesciunt nihil sed cumque eligendi. Explicabo et quidem rerum placeat qui voluptas.',	'incidunt',	NULL,	NULL),
(133,	'voluptatem.jpg',	'image/jpeg',	'jpg',	994712,	'9w4sM78yvi',	'deleted',	45,	'2024-04-01 22:32:34',	'2024-04-01 22:32:34',	'Sit fugiat at dolor unde.',	'Voluptates et nulla excepturi voluptas. Aut doloribus aut necessitatibus non. Quo molestiae voluptas dolorum velit. Sequi aliquam tempora asperiores eaque aut itaque voluptatum.',	'asperiores',	NULL,	NULL),
(134,	'qui.jpg',	'image/jpeg',	'jpg',	1322120,	'CWNnQwJ5fZ',	'deleted',	7,	'2024-04-01 22:32:34',	'2024-04-01 22:32:34',	NULL,	NULL,	NULL,	'quo aut mollitia',	NULL),
(135,	'labore.jpg',	'image/jpeg',	'jpg',	1891414,	'JLrDIjlIT0',	'deleted',	27,	'2024-04-01 22:32:34',	'2024-04-01 22:32:34',	'Repellendus qui totam et pariatur nisi soluta suscipit.',	NULL,	'voluptate',	'et accusantium et',	NULL),
(136,	'ut.jpg',	'image/jpeg',	'jpg',	408588,	'q0BS7ZFxum',	'deleted',	47,	'2024-04-01 22:32:34',	'2024-04-01 22:32:34',	'Temporibus nostrum consequuntur veritatis omnis.',	'Autem quia harum qui minus voluptas animi. Ipsam et tenetur ut aut. Tempore mollitia enim dolor eos.',	NULL,	'nesciunt iste asperiores',	NULL),
(137,	'aspernatur.jpg',	'image/jpeg',	'jpg',	184343,	'gENjl948X7',	'active',	17,	'2024-04-01 22:32:34',	'2024-04-01 22:32:34',	'Nobis voluptate eius consectetur maxime asperiores.',	NULL,	NULL,	'veritatis maiores explicabo',	NULL),
(138,	'in.jpg',	'image/jpeg',	'jpg',	489893,	'xukPn4OEhC',	'deleted',	6,	'2024-04-01 22:32:34',	'2024-04-01 22:32:34',	NULL,	'Modi rerum dolores dolor omnis et blanditiis. Occaecati aliquid qui est quis. Tempore numquam sit est et. Eveniet ullam et culpa enim ea et.',	'cupiditate',	'voluptatem eius laborum',	NULL),
(139,	'voluptatem.jpg',	'image/jpeg',	'jpg',	1322949,	'8xIPqUFThN',	'active',	44,	'2024-04-01 22:32:34',	'2024-04-01 22:32:34',	'Qui veritatis fuga pariatur dolor eum.',	'Sed ipsam vel sed earum. Neque velit repellendus ut nulla aspernatur. Perspiciatis incidunt nihil repellat doloribus iure iusto fugiat rerum. Beatae necessitatibus iusto sit ad.',	'dolorum',	NULL,	NULL),
(140,	'accusantium.jpg',	'image/jpeg',	'jpg',	1731101,	'oB65C35g4V',	'active',	10,	'2024-04-01 22:32:34',	'2024-04-01 22:32:34',	NULL,	'Placeat voluptas quisquam maxime quia rem voluptate adipisci consequatur. Quam voluptates in recusandae accusantium. Repudiandae eum enim voluptatem. Illum et amet qui eveniet corporis culpa quaerat reprehenderit. Nemo aperiam ea et aut id officiis nihil.',	'molestias',	'aut occaecati fugiat',	NULL),
(141,	'temporibus.jpg',	'image/jpeg',	'jpg',	862109,	'YhD6iDRYgS',	'deleted',	44,	'2024-04-01 22:32:34',	'2024-04-01 22:32:34',	NULL,	'Ipsa iste quia quasi est magni ea optio. Laboriosam et quisquam ad quasi aut non cumque in. Rerum consectetur impedit magni adipisci rem magnam optio.',	NULL,	'atque et magnam',	NULL),
(142,	'sit.jpg',	'image/jpeg',	'jpg',	1211764,	'aBwXMprSfR',	'active',	12,	'2024-04-01 22:32:34',	'2024-04-01 22:32:34',	'Ipsam ea aut velit vel nulla.',	'Modi est laboriosam perspiciatis aperiam. Ullam ex sit quis voluptatibus expedita delectus. Quis deserunt aut laudantium earum qui rem aperiam.',	NULL,	'facere et eum',	NULL),
(143,	'est.jpg',	'image/jpeg',	'jpg',	1402773,	'QsyoKgKYOw',	'deleted',	18,	'2024-04-01 22:32:34',	'2024-04-01 22:32:34',	NULL,	NULL,	NULL,	'quo voluptatem nihil',	NULL),
(144,	'est.jpg',	'image/jpeg',	'jpg',	733478,	'qPJbt6ZEtv',	'deleted',	27,	'2024-04-01 22:32:34',	'2024-04-01 22:32:34',	NULL,	'Voluptatibus eum et dolor et. Possimus ut dolorum voluptatem reiciendis hic atque iusto ab. Laudantium unde possimus illum et incidunt rerum.',	NULL,	'dolorem nisi libero',	NULL),
(145,	'facere.jpg',	'image/jpeg',	'jpg',	1459312,	'YAfxTUqbLX',	'active',	50,	'2024-04-01 22:32:34',	'2024-04-01 22:32:34',	'Saepe omnis officiis ex deserunt veniam eveniet dolore ab.',	'Sit et repellat corrupti sapiente numquam architecto qui. Facere perferendis unde facere earum consequatur voluptatem est et.',	'qui',	NULL,	NULL),
(146,	'itaque.jpg',	'image/jpeg',	'jpg',	1665001,	'vVvYPDNMSz',	'deleted',	3,	'2024-04-01 22:32:34',	'2024-04-01 22:32:34',	'Magnam maxime eius et ea voluptas sit quidem aut.',	'A in sunt iusto qui. Et nisi voluptas quia. Placeat aspernatur non omnis placeat dolore delectus. Non optio quas non.',	'autem',	NULL,	NULL),
(147,	'accusamus.jpg',	'image/jpeg',	'jpg',	1414100,	'rYupzTNSHO',	'active',	33,	'2024-04-01 22:32:34',	'2024-04-01 22:32:34',	'Sint eos aut adipisci porro id aut tempora.',	NULL,	NULL,	NULL,	NULL),
(148,	'et.jpg',	'image/jpeg',	'jpg',	1565285,	'tEmSBWQQ2c',	'deleted',	10,	'2024-04-01 22:32:34',	'2024-04-01 22:32:34',	NULL,	NULL,	'veniam',	NULL,	NULL),
(149,	'enim.jpg',	'image/jpeg',	'jpg',	1977620,	'bvSrVgyisA',	'deleted',	28,	'2024-04-01 22:32:34',	'2024-04-01 22:32:34',	NULL,	'Voluptatem qui perspiciatis voluptate. Explicabo consequatur ad eum nesciunt. A deleniti commodi doloremque. Neque rem quisquam quaerat ducimus aut dolor consequatur.',	'consequatur',	NULL,	NULL),
(150,	'possimus.jpg',	'image/jpeg',	'jpg',	1218387,	'SsGLCkChRH',	'deleted',	49,	'2024-04-01 22:32:34',	'2024-04-01 22:32:34',	NULL,	'Rem animi quam molestiae et praesentium praesentium qui. In totam et autem. Sint quam sunt rerum quod velit fugit sint.',	'commodi',	NULL,	NULL);

DROP TABLE IF EXISTS `sessions`;
CREATE TABLE `sessions` (
  `id` varchar(255) COLLATE utf8mb4_unicode_ci NOT NULL,
  `user_id` bigint(20) unsigned DEFAULT NULL,
  `ip_address` varchar(45) COLLATE utf8mb4_unicode_ci DEFAULT NULL,
  `user_agent` text COLLATE utf8mb4_unicode_ci DEFAULT NULL,
  `payload` longtext COLLATE utf8mb4_unicode_ci NOT NULL,
  `last_activity` int(11) NOT NULL,
  PRIMARY KEY (`id`),
  KEY `sessions_user_id_index` (`user_id`),
  KEY `sessions_last_activity_index` (`last_activity`)
) ENGINE=InnoDB DEFAULT CHARSET=utf8mb4 COLLATE=utf8mb4_unicode_ci;


DROP TABLE IF EXISTS `users`;
CREATE TABLE `users` (
  `id` bigint(20) unsigned NOT NULL AUTO_INCREMENT,
  `apiKey` varchar(40) COLLATE utf8mb4_unicode_ci NOT NULL DEFAULT concat(substr(md5(rand()),1,10),substr(md5(rand()),1,10),substr(md5(rand()),1,10),substr(md5(rand()),1,10)),
  `firstName` varchar(255) COLLATE utf8mb4_unicode_ci NOT NULL,
  `lastName` varchar(255) COLLATE utf8mb4_unicode_ci NOT NULL,
  `email` varchar(255) COLLATE utf8mb4_unicode_ci NOT NULL,
  `password` varchar(255) COLLATE utf8mb4_unicode_ci NOT NULL,
  `status` enum('active','deleted') COLLATE utf8mb4_unicode_ci NOT NULL DEFAULT 'active',
  `role` enum('user','admin') COLLATE utf8mb4_unicode_ci NOT NULL DEFAULT 'user',
  `remember_token` varchar(100) COLLATE utf8mb4_unicode_ci DEFAULT NULL,
  `created_at` timestamp NULL DEFAULT NULL,
  `updated_at` timestamp NULL DEFAULT NULL,
  PRIMARY KEY (`id`),
  UNIQUE KEY `users_apikey_unique` (`apiKey`),
  UNIQUE KEY `users_email_unique` (`email`)
) ENGINE=InnoDB DEFAULT CHARSET=utf8mb4 COLLATE=utf8mb4_unicode_ci;

INSERT INTO `users` (`id`, `apiKey`, `firstName`, `lastName`, `email`, `password`, `status`, `role`, `remember_token`, `created_at`, `updated_at`) VALUES
(1,	'b65e1f0a3e376917b5bf9e19eb186e8170d08134',	'Bono',	'Bon',	'b@gmail.com',	'$2y$12$4mSWqeGhW0kigGnEddVQ8OcEWe.WraNMANcKQIpd5hJNTwJ5aORHe',	'active',	'admin',	NULL,	'2024-04-01 22:31:10',	'2024-04-01 22:31:10'),
(2,	'd38aebc9e57252c0df2d2a7f5705912e2b3efdf5',	'Dallas',	'Heidenreich',	'simeon.jerde@example.com',	'$2y$12$WlyqXZzmVG95EIdhYfXAa.OYlT/uQpohTXi0285ygcftpNjgivTWm',	'active',	'user',	'zaIlR6VwMA',	'2024-04-01 22:31:51',	'2024-04-01 22:31:51'),
(3,	'd50a522005ee7a6d9a2dcb2c1e7991d72dc5ecad',	'Dixie',	'Jenkins',	'toni05@example.com',	'$2y$12$WlyqXZzmVG95EIdhYfXAa.OYlT/uQpohTXi0285ygcftpNjgivTWm',	'deleted',	'admin',	'LRuZG7d1it',	'2024-04-01 22:31:51',	'2024-04-01 22:31:51'),
(4,	'85c764b4006365b33e3de3d62f4356d5f33a7b9f',	'Cleora',	'Rogahn',	'mikayla51@example.org',	'$2y$12$WlyqXZzmVG95EIdhYfXAa.OYlT/uQpohTXi0285ygcftpNjgivTWm',	'active',	'user',	'VL837zfW68',	'2024-04-01 22:31:51',	'2024-04-01 22:31:51'),
(5,	'dcbb02e53b5d88869f3e4fa570f99d094a82a326',	'Marcel',	'Moore',	'adela56@example.org',	'$2y$12$WlyqXZzmVG95EIdhYfXAa.OYlT/uQpohTXi0285ygcftpNjgivTWm',	'deleted',	'user',	'LFuxtjFiBn',	'2024-04-01 22:31:51',	'2024-04-01 22:31:51'),
(6,	'8cd849ae83f42b9a207d77a7d583817244efaa82',	'Vivienne',	'Runolfsdottir',	'nebert@example.org',	'$2y$12$WlyqXZzmVG95EIdhYfXAa.OYlT/uQpohTXi0285ygcftpNjgivTWm',	'deleted',	'admin',	'RCC2IKaTS3',	'2024-04-01 22:31:51',	'2024-04-01 22:31:51'),
(7,	'948171b791c2c567e6bbd1092fa635dd04297256',	'Bernard',	'Vandervort',	'mertz.glenda@example.com',	'$2y$12$WlyqXZzmVG95EIdhYfXAa.OYlT/uQpohTXi0285ygcftpNjgivTWm',	'active',	'admin',	'4CN7x2eTvf',	'2024-04-01 22:31:51',	'2024-04-01 22:31:51'),
(8,	'b9cb4635203e8bce61015ce198ea7d43977f173b',	'Roberta',	'Farrell',	'treutel.darion@example.net',	'$2y$12$WlyqXZzmVG95EIdhYfXAa.OYlT/uQpohTXi0285ygcftpNjgivTWm',	'active',	'admin',	'79vouZmDPU',	'2024-04-01 22:31:51',	'2024-04-01 22:31:51'),
(9,	'7dec4ed9bc5b494f46a5a11bf3900db3dd289fa1',	'Charlene',	'Walter',	'chanelle.walter@example.net',	'$2y$12$WlyqXZzmVG95EIdhYfXAa.OYlT/uQpohTXi0285ygcftpNjgivTWm',	'active',	'user',	'aUINffUkqm',	'2024-04-01 22:31:51',	'2024-04-01 22:31:51'),
(10,	'1c5e8f39adc1d04983bcb04d595606affe9ce71a',	'Efren',	'Skiles',	'ryan.clemmie@example.com',	'$2y$12$WlyqXZzmVG95EIdhYfXAa.OYlT/uQpohTXi0285ygcftpNjgivTWm',	'deleted',	'admin',	'iDGx8Wq4Rz',	'2024-04-01 22:31:51',	'2024-04-01 22:31:51'),
(11,	'fcfc5313224d03e9de6675feef559b0437201474',	'Estrella',	'Paucek',	'grant05@example.com',	'$2y$12$WlyqXZzmVG95EIdhYfXAa.OYlT/uQpohTXi0285ygcftpNjgivTWm',	'deleted',	'user',	'ucrVyihOMi',	'2024-04-01 22:31:51',	'2024-04-01 22:31:51'),
(12,	'8a3ae08af4ebe6bff3ca4df12a8de57091b9a3cb',	'Robyn',	'Konopelski',	'wkertzmann@example.org',	'$2y$12$WlyqXZzmVG95EIdhYfXAa.OYlT/uQpohTXi0285ygcftpNjgivTWm',	'deleted',	'admin',	'MrsRYoAS6T',	'2024-04-01 22:31:51',	'2024-04-01 22:31:51'),
(13,	'22adf085c550d4107990711e39e5683814827e19',	'Delmer',	'Welch',	'gbatz@example.net',	'$2y$12$WlyqXZzmVG95EIdhYfXAa.OYlT/uQpohTXi0285ygcftpNjgivTWm',	'active',	'admin',	'l1KsvqJDBv',	'2024-04-01 22:31:51',	'2024-04-01 22:31:51'),
(14,	'109b1986002774d3052e0498be329207354ea958',	'Annie',	'Erdman',	'rosella.brekke@example.org',	'$2y$12$WlyqXZzmVG95EIdhYfXAa.OYlT/uQpohTXi0285ygcftpNjgivTWm',	'active',	'user',	'Vy6aG2FvIa',	'2024-04-01 22:31:51',	'2024-04-01 22:31:51'),
(15,	'59e1dc9343fd44df4602a4c98014e03018427671',	'Zoey',	'McClure',	'cristobal.hoppe@example.org',	'$2y$12$WlyqXZzmVG95EIdhYfXAa.OYlT/uQpohTXi0285ygcftpNjgivTWm',	'deleted',	'admin',	'Uo5yh98QJa',	'2024-04-01 22:31:51',	'2024-04-01 22:31:51'),
(16,	'20edeaa0c18efd337b62c407e5ac055422a6be04',	'Jarod',	'Mertz',	'rjones@example.com',	'$2y$12$WlyqXZzmVG95EIdhYfXAa.OYlT/uQpohTXi0285ygcftpNjgivTWm',	'deleted',	'admin',	'WytZqQL0aa',	'2024-04-01 22:31:51',	'2024-04-01 22:31:51'),
(17,	'd43d64d29677c45edf1fbff0a4b5fc254fc88f70',	'Tillman',	'Lemke',	'ohackett@example.net',	'$2y$12$WlyqXZzmVG95EIdhYfXAa.OYlT/uQpohTXi0285ygcftpNjgivTWm',	'deleted',	'admin',	'rKxFs4pzza',	'2024-04-01 22:31:51',	'2024-04-01 22:31:51'),
(18,	'bff82a4b4b43d414ac07806fcfd95de97d5e0ccf',	'Haylee',	'Steuber',	'blair.pouros@example.org',	'$2y$12$WlyqXZzmVG95EIdhYfXAa.OYlT/uQpohTXi0285ygcftpNjgivTWm',	'active',	'admin',	'BEHwdISbKS',	'2024-04-01 22:31:51',	'2024-04-01 22:31:51'),
(19,	'917c17ab41e64dd88202e502d46d8889487ed6f4',	'Fred',	'Johns',	'kkris@example.com',	'$2y$12$WlyqXZzmVG95EIdhYfXAa.OYlT/uQpohTXi0285ygcftpNjgivTWm',	'active',	'user',	'Cb9Fgyg5RF',	'2024-04-01 22:31:51',	'2024-04-01 22:31:51'),
(20,	'1939a397073f692abcf801b8947107a6b90d4f5f',	'Melvin',	'Marvin',	'tiana.hessel@example.com',	'$2y$12$WlyqXZzmVG95EIdhYfXAa.OYlT/uQpohTXi0285ygcftpNjgivTWm',	'deleted',	'user',	'qz9OZe0Rry',	'2024-04-01 22:31:51',	'2024-04-01 22:31:51'),
(21,	'fc6ce03dd271ad3c939665e200c99c44fcfe0829',	'Vernon',	'Ruecker',	'monserrat.stroman@example.com',	'$2y$12$WlyqXZzmVG95EIdhYfXAa.OYlT/uQpohTXi0285ygcftpNjgivTWm',	'deleted',	'admin',	'iTYhipCSgl',	'2024-04-01 22:31:51',	'2024-04-01 22:31:51'),
(22,	'645b6ecd272f5d7a52566aa41e1ec29abf96136f',	'Melody',	'Harvey',	'justine.hoeger@example.com',	'$2y$12$WlyqXZzmVG95EIdhYfXAa.OYlT/uQpohTXi0285ygcftpNjgivTWm',	'deleted',	'admin',	's28EiFjX4n',	'2024-04-01 22:31:51',	'2024-04-01 22:31:51'),
(23,	'b4f8e56261fbe636d8d993f1b9612a30e83e377b',	'Emilie',	'Lesch',	'vinnie80@example.org',	'$2y$12$WlyqXZzmVG95EIdhYfXAa.OYlT/uQpohTXi0285ygcftpNjgivTWm',	'active',	'user',	'2fR43bwq6y',	'2024-04-01 22:31:51',	'2024-04-01 22:31:51'),
(24,	'd8f7c9b8f1708c5502a2f160badbb56e9dbeabe6',	'Jackeline',	'Bahringer',	'elias28@example.net',	'$2y$12$WlyqXZzmVG95EIdhYfXAa.OYlT/uQpohTXi0285ygcftpNjgivTWm',	'deleted',	'user',	'Tc8kth6pQM',	'2024-04-01 22:31:51',	'2024-04-01 22:31:51'),
(25,	'c16e7de460e53ea07fffb5511730c38a01c69190',	'Margarita',	'Kshlerin',	'msimonis@example.org',	'$2y$12$WlyqXZzmVG95EIdhYfXAa.OYlT/uQpohTXi0285ygcftpNjgivTWm',	'active',	'admin',	'ewFctw6xJi',	'2024-04-01 22:31:51',	'2024-04-01 22:31:51'),
(26,	'744d753f24062e6ef0bc755e50e80bbc7365dce4',	'Florine',	'Pfannerstill',	'ohara.bret@example.com',	'$2y$12$WlyqXZzmVG95EIdhYfXAa.OYlT/uQpohTXi0285ygcftpNjgivTWm',	'active',	'user',	'pxQ9CuWJrf',	'2024-04-01 22:31:51',	'2024-04-01 22:31:51'),
(27,	'6f99e871c513445a0fc5f3bdd1f2489aef651e3b',	'Lilian',	'Lynch',	'judah.rosenbaum@example.net',	'$2y$12$WlyqXZzmVG95EIdhYfXAa.OYlT/uQpohTXi0285ygcftpNjgivTWm',	'deleted',	'admin',	'B4s7eZ7wdH',	'2024-04-01 22:31:51',	'2024-04-01 22:31:51'),
(28,	'404ab3f2f158e2ccdd238f1c4b71cffa59b5c80c',	'Zelda',	'Denesik',	'reese.block@example.com',	'$2y$12$WlyqXZzmVG95EIdhYfXAa.OYlT/uQpohTXi0285ygcftpNjgivTWm',	'active',	'admin',	'lBkSI7Ejq8',	'2024-04-01 22:31:51',	'2024-04-01 22:31:51'),
(29,	'dc23f54abcf67928190cb1e836f30bb53b06b9ea',	'Gabe',	'Rutherford',	'winona.schiller@example.org',	'$2y$12$WlyqXZzmVG95EIdhYfXAa.OYlT/uQpohTXi0285ygcftpNjgivTWm',	'deleted',	'user',	'kPH3DF9QAq',	'2024-04-01 22:31:51',	'2024-04-01 22:31:51'),
(30,	'd0cb6721c9ce0599dfa4a7bdfe558ce936620eb8',	'Darrick',	'Turner',	'fshanahan@example.org',	'$2y$12$WlyqXZzmVG95EIdhYfXAa.OYlT/uQpohTXi0285ygcftpNjgivTWm',	'active',	'admin',	'Lab0RDHrD8',	'2024-04-01 22:31:51',	'2024-04-01 22:31:51'),
(31,	'181711f1cb4bf8e46e3b1e8d4eb819552636ce10',	'Jacklyn',	'Kertzmann',	'kamren82@example.com',	'$2y$12$WlyqXZzmVG95EIdhYfXAa.OYlT/uQpohTXi0285ygcftpNjgivTWm',	'deleted',	'user',	'Fd24zzYV2Y',	'2024-04-01 22:31:51',	'2024-04-01 22:31:51'),
(32,	'e4b3d7cc71fbdcbb7dd906b65af2f1a8ee0efccf',	'Ernesto',	'Dickens',	'ratke.scarlett@example.net',	'$2y$12$WlyqXZzmVG95EIdhYfXAa.OYlT/uQpohTXi0285ygcftpNjgivTWm',	'deleted',	'admin',	'aaqCOymcuM',	'2024-04-01 22:31:51',	'2024-04-01 22:31:51'),
(33,	'bb576773bb5b4ed61a771d352d9c39831c19d6ca',	'Amos',	'Kub',	'crona.jamarcus@example.org',	'$2y$12$WlyqXZzmVG95EIdhYfXAa.OYlT/uQpohTXi0285ygcftpNjgivTWm',	'deleted',	'admin',	'r7vvxHO9eY',	'2024-04-01 22:31:51',	'2024-04-01 22:31:51'),
(34,	'9eaea54da0991b116cdfff0fb6e9e478c2b1c485',	'Clara',	'Rath',	'emmanuel.treutel@example.net',	'$2y$12$WlyqXZzmVG95EIdhYfXAa.OYlT/uQpohTXi0285ygcftpNjgivTWm',	'deleted',	'user',	'adJA2Ryq5e',	'2024-04-01 22:31:51',	'2024-04-01 22:31:51'),
(35,	'6ea7b26cd6e8b2e6e0e1c6106ee7ee247e885095',	'Dino',	'Sipes',	'alexane.bahringer@example.net',	'$2y$12$WlyqXZzmVG95EIdhYfXAa.OYlT/uQpohTXi0285ygcftpNjgivTWm',	'deleted',	'admin',	'FVmrcvjMGw',	'2024-04-01 22:31:51',	'2024-04-01 22:31:51'),
(36,	'8f5f29acd06b35aee10674e7bac0a0af82b41840',	'Vernie',	'O\'Kon',	'ebba41@example.org',	'$2y$12$WlyqXZzmVG95EIdhYfXAa.OYlT/uQpohTXi0285ygcftpNjgivTWm',	'active',	'user',	'SVJj7bp6j3',	'2024-04-01 22:31:51',	'2024-04-01 22:31:51'),
(37,	'0a9e91715fd6d8b5da35ecbcf2b87bd16a2e7baf',	'Dedrick',	'Nikolaus',	'gutmann.halle@example.com',	'$2y$12$WlyqXZzmVG95EIdhYfXAa.OYlT/uQpohTXi0285ygcftpNjgivTWm',	'active',	'user',	'Tc23YUEenO',	'2024-04-01 22:31:51',	'2024-04-01 22:31:51'),
(38,	'38fbe1a84a58173b9b623ee4163508ce6f47c689',	'Deshawn',	'Feest',	'wkilback@example.net',	'$2y$12$WlyqXZzmVG95EIdhYfXAa.OYlT/uQpohTXi0285ygcftpNjgivTWm',	'deleted',	'admin',	'Jza2BB2rVV',	'2024-04-01 22:31:51',	'2024-04-01 22:31:51'),
(39,	'f43de61e1ed76e4d0f6b4e34fe90e16010755b6a',	'Daphne',	'Flatley',	'leann53@example.net',	'$2y$12$WlyqXZzmVG95EIdhYfXAa.OYlT/uQpohTXi0285ygcftpNjgivTWm',	'deleted',	'user',	'HRN6kunEiR',	'2024-04-01 22:31:51',	'2024-04-01 22:31:51'),
(40,	'f68106f6d465b952a2d3443d35627e503959af1b',	'Gisselle',	'Klein',	'xhodkiewicz@example.net',	'$2y$12$WlyqXZzmVG95EIdhYfXAa.OYlT/uQpohTXi0285ygcftpNjgivTWm',	'deleted',	'user',	'MqQw7Z982q',	'2024-04-01 22:31:51',	'2024-04-01 22:31:51'),
(41,	'cdf213b6232486612fc340ccfe78d3c34b091df6',	'Keenan',	'Simonis',	'sienna20@example.net',	'$2y$12$WlyqXZzmVG95EIdhYfXAa.OYlT/uQpohTXi0285ygcftpNjgivTWm',	'active',	'admin',	'jLCdGsCD3i',	'2024-04-01 22:31:51',	'2024-04-01 22:31:51'),
(42,	'6bef9ddc8627630996fb5cea6e9b2e813f8a9851',	'Laury',	'Gorczany',	'carissa.deckow@example.com',	'$2y$12$WlyqXZzmVG95EIdhYfXAa.OYlT/uQpohTXi0285ygcftpNjgivTWm',	'active',	'user',	'YpEffrGi2t',	'2024-04-01 22:31:51',	'2024-04-01 22:31:51'),
(43,	'75e9649f6045985c37c9f0c71e029d7b112e87be',	'Jaren',	'Jast',	'ervin41@example.org',	'$2y$12$WlyqXZzmVG95EIdhYfXAa.OYlT/uQpohTXi0285ygcftpNjgivTWm',	'active',	'user',	'jsE22efUJI',	'2024-04-01 22:31:51',	'2024-04-01 22:31:51'),
(44,	'a0f554b8f90a85e4c0fc455569e643aa953b5255',	'Joanny',	'Conroy',	'qweber@example.com',	'$2y$12$WlyqXZzmVG95EIdhYfXAa.OYlT/uQpohTXi0285ygcftpNjgivTWm',	'deleted',	'admin',	'Bl58YoPmOU',	'2024-04-01 22:31:51',	'2024-04-01 22:31:51'),
(45,	'582f31f7eed356a6a2877d70a1b7315c8bd3e85b',	'Caitlyn',	'Gorczany',	'phuel@example.com',	'$2y$12$WlyqXZzmVG95EIdhYfXAa.OYlT/uQpohTXi0285ygcftpNjgivTWm',	'deleted',	'admin',	'KYVuqhoozZ',	'2024-04-01 22:31:51',	'2024-04-01 22:31:51'),
(46,	'd3b57b39d035e104cbf386bc63ad5a417d12d207',	'Jaycee',	'Botsford',	'abigayle74@example.net',	'$2y$12$WlyqXZzmVG95EIdhYfXAa.OYlT/uQpohTXi0285ygcftpNjgivTWm',	'deleted',	'admin',	'okdY4OC6eg',	'2024-04-01 22:31:51',	'2024-04-01 22:31:51'),
(47,	'a45cc2b7bb3d2a7188dfc9219ba37d8f9ddb999f',	'Jasen',	'Gutmann',	'oconner.burdette@example.com',	'$2y$12$WlyqXZzmVG95EIdhYfXAa.OYlT/uQpohTXi0285ygcftpNjgivTWm',	'deleted',	'admin',	'xtzaO09TUc',	'2024-04-01 22:31:51',	'2024-04-01 22:31:51'),
(48,	'e63f02aa6dc774f762f3d67e446f219248574ea2',	'Daniela',	'Greenholt',	'leannon.sherman@example.org',	'$2y$12$WlyqXZzmVG95EIdhYfXAa.OYlT/uQpohTXi0285ygcftpNjgivTWm',	'active',	'user',	'9jbBagHema',	'2024-04-01 22:31:51',	'2024-04-01 22:31:51'),
(49,	'bd99f270498b732b9cf93e70a0cca369d5258384',	'Angelina',	'Davis',	'akassulke@example.net',	'$2y$12$WlyqXZzmVG95EIdhYfXAa.OYlT/uQpohTXi0285ygcftpNjgivTWm',	'active',	'admin',	'MYFJOxFipu',	'2024-04-01 22:31:51',	'2024-04-01 22:31:51'),
(50,	'dce8d2022ca5442d066d82045ca3e8012403bbb6',	'Joaquin',	'Lowe',	'obie20@example.com',	'$2y$12$WlyqXZzmVG95EIdhYfXAa.OYlT/uQpohTXi0285ygcftpNjgivTWm',	'active',	'admin',	'bOkTVrhdA4',	'2024-04-01 22:31:51',	'2024-04-01 22:31:51'),
(51,	'891b0366d358cc6d7a6d5002db1f314a84854b07',	'Julia',	'Koelpin',	'steuber.benjamin@example.org',	'$2y$12$WlyqXZzmVG95EIdhYfXAa.OYlT/uQpohTXi0285ygcftpNjgivTWm',	'active',	'user',	'hs5KW49wau',	'2024-04-01 22:31:51',	'2024-04-01 22:31:51');

-- 2024-04-01 22:37:56